Iraq,2005,8.706,37.0,68.266,1828.738,210.0
Iraq,2006,8.652,53.2,68.157,2321.258,250.0
Iraq,2007,8.65,30.8,68.13,3090.851,228.0
Iraq,2008,8.484,2.7,68.19,4472.118,169.0
Iraq,2009,8.393,-2.2,68.34,3701.862,150.0
Iraq,2010,8.251,2.4,68.567,4473.71,144.0
Iraq,2011,8.122,5.6,68.848,5848.537,144.0
Iraq,2012,7.96,6.1,69.148,6692.576,145.0
Iraq,2013,9.264,1.9,69.437,7021.406,162.0
Iraq,2014,10.59,2.2,69.7,6704.313,192.0
Iraq,2015,10.725,1.4,69.929,5044.624,180.0
Iraq,2016,10.82,0.5,70.122,4639.496,174.0
Ireland,2001,3.68,4.0,77.13415,28119.305,88.0
Ireland,2002,4.22,4.7,77.63415,32481.584,86.0
Ireland,2003,4.48,4.0,78.13902,40939.729,80.0
Ireland,2004,4.49,2.3,78.539024,47388.8,79.0
Ireland,2005,4.34,2.2,78.9439,50476.482,75.0
Ireland,2006,4.41,2.7,79.24146,53738.836,75.0
Ireland,2007,4.98,2.9,79.641464,60770.189,72.0
Ireland,2008,6.77,3.1,80.09512,60989.842,72.0
Ireland,2009,12.61,-1.7,80.19025,51943.659,74.0
Ireland,2010,14.53,-1.6,80.743904,48620.625,65.0
Ireland,2011,15.35,1.2,80.74634,52159.122,67.0
Ireland,2012,15.45,1.9,80.846344,48918.729,66.0
Ireland,2013,13.73,0.5,80.948784,51422.864,64.0
Ireland,2014,11.86,0.3,81.34878,55651.915,62.0
Ireland,2015,9.91,0.0,81.45366,62027.653,63.0
Ireland,2016,8.37,-0.2,81.653656,62556.626,62.0
Israel,2001,11.81,1.1,79.40732,20918.337,79.0
Israel,2002,12.89,5.7,79.45122,19044.915,81.0
Israel,2003,13.51,0.7,79.64878,19634.852,76.0
Israel,2004,13.03,-0.4,80.14634,20565.767,73.0
Israel,2005,11.34,1.3,80.15122,21233.796,72.0
Israel,2006,10.71,2.1,80.55366,22501.119,69.0
Israel,2007,9.38,0.5,80.504875,25647.697,67.0
Israel,2008,7.7,4.6,80.95122,30182.526,64.0
Israel,2009,9.53,3.3,81.40488,28330.228,61.0
Israel,2010,8.48,2.7,81.60244,31278.046,60.0
Israel,2011,7.14,3.5,81.6561,34366.858,59.0
Israel,2012,6.86,1.7,81.70488,32928.736,58.0
Israel,2013,6.21,1.5,82.0561,36589.285,59.0
Israel,2014,5.89,0.5,82.153656,37856.528,58.0
Israel,2015,5.25,-0.6,82.051216,35768.612,58.0
Israel,2016,4.8,-0.5,82.40732,37197.25,58.0
Italy,2001,9.6,2.3,80.12683,20505.923,73.0
Italy,2002,9.21,2.6,80.22927,22386.279,71.0
Italy,2003,8.87,2.8,79.982925,27580.477,70.0
Italy,2004,7.87,2.3,80.78049,31342.833,66.0
Italy,2005,7.73,2.2,80.78293,32031.426,65.0
Italy,2006,6.78,2.2,81.28293,33448.106,64.0
Italy,2007,6.08,2.0,81.43414,37828.34,62.0
Italy,2008,6.72,3.5,81.48537,40818.985,61.0
Italy,2009,7.75,0.8,81.63659,36982.806,60.0
Italy,2010,8.36,1.6,82.03658,35815.615,58.0
Italy,2011,8.36,2.9,82.187805,38276.034,58.0
Italy,2012,10.65,3.3,82.23902,34743.751,57.0
Italy,2013,12.15,1.2,82.69025,35534.99,56.0
Italy,2014,12.68,0.2,83.09024,35836.183,54.0
Italy,2015,11.9,0.1,82.5439,30463.696,55.0
Italy,2016,11.69,-0.1,83.243904,31190.794,54.0
Jamaica,2001,14.93,6.9,74.139,3529.711,175.0
Jamaica,2002,14.19,7.0,74.14,3709.572,171.0
Jamaica,2003,11.73,10.1,74.142,3586.441,170.0
Jamaica,2004,12.21,13.5,74.146,3855.674,168.0
Jamaica,2005,11.26,15.1,74.148,4241.399,164.0
Jamaica,2006,10.32,8.5,74.143,4494.63,154.0
Jamaica,2007,9.75,9.3,74.129,4829.296,151.0
Jamaica,2008,10.59,22.0,74.103,5134.246,147.0
Jamaica,2009,11.36,9.6,74.071,4507.186,143.0
Jamaica,2010,12.37,12.6,74.038,4894.369,139.0
Jamaica,2011,12.7,7.5,74.012,5332.52,139.0
Jamaica,2012,13.93,6.9,74.001,5448.456,137.0
Jamaica,2013,15.25,9.4,74.01,5238.147,135.0
Jamaica,2014,13.74,8.3,74.042,5105.511,132.0
Jamaica,2015,13.51,3.7,74.098,5204.825,133.0
Jamaica,2016,13.19,2.3,74.175,5183.462,131.0
Japan,2001,5.02,-0.7,81.417076,34410.68,70.0
Japan,2002,5.39,-0.9,81.563416,32832.296,68.0
Japan,2003,5.25,-0.3,81.76,35410.229,68.0
Japan,2004,4.73,0.0,82.03024,38307.103,67.0
Japan,2005,4.45,-0.3,81.925125,37819.107,68.0
Japan,2006,4.19,0.3,82.32195,36021.9,67.0
Japan,2007,3.89,0.0,82.50707,35847.232,66.0
Japan,2008,4.0,1.4,82.58756,39992.06,64.0
Japan,2009,5.07,-1.3,82.931465,41469.773,63.0
Japan,2010,5.1,-0.7,82.84268,45135.796,61.0
Japan,2011,4.55,-0.3,82.59122,48760.915,62.0
Japan,2012,4.36,0.0,83.0961,49175.035,57.0
Japan,2013,4.0,0.3,83.331955,40934.756,56.0
Japan,2014,3.6,2.8,83.58781,38522.771,54.0
Japan,2015,3.4,0.8,83.7939,35005.662,53.0
Japan,2016,3.1,-0.1,83.98488,39411.424,51.0
Jordan,2001,14.7,1.8,71.907,1776.461,131.0
Jordan,2002,15.3,1.8,72.083,1875.33,129.0
Jordan,2003,14.5,1.6,72.256,1946.117,127.0
Jordan,2004,14.58,3.4,72.427,2109.381,125.0
Jordan,2005,14.8,3.5,72.595,2277.942,127.0
Jordan,2006,14.0,6.3,72.763,2636.265,122.0
Jordan,2007,13.1,4.3,72.931,2870.639,120.0
Jordan,2008,12.7,12.7,73.099,3454.309,119.0
Jordan,2009,12.9,-1.3,73.266,3559.692,117.0
Jordan,2010,12.5,4.9,73.428,3736.645,116.0
Jordan,2011,12.9,4.2,73.581,3852.891,115.0
Jordan,2012,12.2,4.6,73.722,3915.87,114.0
Jordan,2013,12.6,4.9,73.851,4050.139,113.0
Jordan,2014,11.9,3.0,73.969,4137.283,113.0
Jordan,2015,13.08,-1.1,74.078,4169.988,111.0
Jordan,2016,15.28,-0.6,74.184,4181.255,111.0
Kazakhstan,2001,10.43,8.4,65.76,1491.652,283.0
Kazakhstan,2002,9.33,5.9,65.95,1657.157,276.0
Kazakhstan,2003,8.78,6.4,65.74,2062.291,283.0
Kazakhstan,2004,8.4,6.9,66.06,2862.5,289.0
Kazakhstan,2005,8.13,7.5,65.86,3753.439,297.0
Kazakhstan,2006,7.79,8.6,66.15,5261.026,299.0
Kazakhstan,2007,7.26,10.8,66.34,6733.448,293.0
Kazakhstan,2008,6.63,17.1,67.11,8349.288,264.0
Kazakhstan,2009,6.55,7.3,68.39,7116.372,240.0
Kazakhstan,2010,5.77,7.1,68.45,9005.041,243.0
Kazakhstan,2011,5.39,8.4,68.69,11552.573,232.0
Kazakhstan,2012,5.29,5.1,69.52,12300.185,224.0
Kazakhstan,2013,5.2,5.8,70.62,13789.174,211.0
Kazakhstan,2014,5.06,6.7,71.44,12713.563,199.0
Kazakhstan,2015,4.93,6.7,71.97,10435.169,192.0
Kazakhstan,2016,4.96,14.6,72.41,7662.006,181.0
Kenya,2001,2.989,5.7,51.101,617.055,465.0
Kenya,2002,2.996,2.0,51.606,611.901,468.0
Kenya,2003,2.969,9.8,52.41,668.483,466.0
Kenya,2004,2.942,11.8,53.475,692.718,459.0
Kenya,2005,2.924,9.9,54.732,778.333,438.0
Kenya,2006,2.907,6.0,56.093,854.992,410.0
Kenya,2007,2.891,4.3,57.463,1028.239,372.0
Kenya,2008,2.916,15.1,58.76,1118.769,344.0
Kenya,2009,2.884,10.5,59.932,1123.268,314.0
Kenya,2010,2.839,4.1,60.959,1176.311,285.0
Kenya,2011,2.837,14.0,61.851,1178.599,265.0
Kenya,2012,2.831,9.4,62.659,1396.22,245.0
Kenya,2013,2.808,5.7,63.419,1490.422,241.0
Kenya,2014,2.795,6.9,64.135,1613.101,239.0
Kenya,2015,2.777,6.6,64.798,1625.176,232.0
Kenya,2016,2.76,6.3,65.393,1688.852,219.0
Kuwait,2014,2.9,2.9,75.019,39759.385,81.0
Kuwait,2015,2.2,3.3,75.13,27035.985,80.0
Kuwait,2016,2.16,2.9,75.224,24800.544,79.0
Latvia,2001,13.82,2.5,70.76098,3553.667,229.0
Latvia,2002,13.83,2.0,70.960976,4120.691,221.0
Latvia,2003,12.06,2.9,71.265854,5121.736,212.0
Latvia,2004,11.71,6.2,72.02683,6342.835,209.0
Latvia,2005,10.03,6.9,71.356094,7569.831,220.0
Latvia,2006,7.03,6.6,70.86585,9690.458,232.0
Latvia,2007,6.05,10.1,71.019516,14079.584,224.0
Latvia,2008,7.74,15.3,72.41951,16435.21,200.0
Latvia,2009,17.51,3.3,73.08049,12243.072,185.0
Latvia,2010,19.48,-1.2,73.482925,11316.932,178.0
Latvia,2011,16.21,4.2,73.57561,13371.012,167.0
Latvia,2012,15.05,2.3,73.778046,13786.588,162.0
Latvia,2013,11.87,0.0,73.982925,14927.223,164.0
Latvia,2014,10.85,0.7,74.12439,15685.979,159.0
Latvia,2015,9.87,0.2,74.480484,13728.365,154.0
Latvia,2016,9.64,0.1,74.58049,14259.249,154.0
Lebanon,2001,8.186,-0.4,74.999,4349.954,112.0
Lebanon,2002,8.088,1.8,75.488,4504.149,110.0
Lebanon,2003,7.988,1.3,75.969,4440.345,107.0
Lebanon,2004,7.85,1.7,76.432,4630.727,105.0
Lebanon,2005,8.28,-1.4,76.865,4575.074,103.0
Lebanon,2006,8.683,4.1,77.26,4626.82,116.0
Lebanon,2007,8.98,4.1,77.609,5207.76,99.0
Lebanon,2008,7.672,10.7,77.911,6111.36,99.0
Lebanon,2009,6.35,1.2,78.161,7354.971,96.0
Lebanon,2010,6.843,4.0,78.36,7761.616,95.0
Lebanon,2011,7.386,5.0,78.507,7675.291,111.0
Lebanon,2012,7.848,6.6,78.611,7948.646,95.0
Lebanon,2013,8.314,5.6,78.683,7928.317,98.0
Lebanon,2014,8.809,1.1,78.732,7681.707,99.0
Lebanon,2015,9.317,-3.8,78.768,7642.96,98.0
Lebanon,2016,9.783,-0.8,78.8,7617.732,96.0
Lesotho,2001,34.635,6.9,46.197,414.027,546.0
Lesotho,2002,33.86,12.6,44.898,457.662,581.0
Lesotho,2003,32.955,7.2,43.845,670.897,608.0
Lesotho,2004,32.176,5.0,43.083,852.696,627.0
Lesotho,2005,31.31,3.4,42.658,922.416,637.0
Lesotho,2006,30.462,6.1,42.595,916.563,620.0
Lesotho,2007,29.623,8.0,42.854,930.798,590.0
Lesotho,2008,28.76,10.7,43.384,868.532,521.0
Lesotho,2009,28.025,7.4,44.146,1011.42,493.0
Lesotho,2010,27.079,3.5,45.1,1222.197,478.0
Lesotho,2011,26.244,5.0,46.207,1324.607,467.0
Lesotho,2012,25.369,6.1,47.416,1261.443,478.0
Lesotho,2013,24.58,4.9,48.663,1191.994,487.0
Lesotho,2014,24.221,5.4,49.891,1250.627,495.0
Lesotho,2015,23.841,3.2,51.038,1104.543,498.0
Lesotho,2016,23.475,6.6,52.059,1099.146,483.0
Liberia,2001,2.128,12.1,52.236,305.909,324.0
Liberia,2002,2.142,14.2,52.826,311.768,350.0
Liberia,2003,2.182,10.3,53.554,231.891,377.0
Liberia,2004,2.174,3.6,54.422,286.104,306.0
Liberia,2005,2.186,6.9,55.393,293.471,302.0
Liberia,2006,2.199,9.5,56.4,333.151,296.0
Liberia,2007,2.213,11.4,57.365,388.154,286.0
Liberia,2008,2.233,17.5,58.229,464.437,278.0
Liberia,2009,2.253,7.4,58.971,470.218,269.0
Liberia,2010,2.27,7.3,59.6,505.363,258.0
Liberia,2011,2.218,8.5,60.146,582.614,247.0
Liberia,2012,2.17,6.8,60.663,646.662,239.0
Liberia,2013,2.119,7.6,61.186,716.576,236.0
Liberia,2014,2.08,9.9,61.723,708.816,310.0
Liberia,2015,2.08,7.7,62.269,691.369,241.0
Liberia,2016,3.08,8.8,62.802,709.824,230.0
Libya,2001,19.696,-8.8,71.038,6693.083,146.0
Libya,2002,19.649,-9.9,71.244,3956.483,145.0
Libya,2003,19.457,-2.1,71.466,4986.326,143.0
Libya,2004,19.513,1.3,71.693,6180.388,141.0
Libya,2005,19.393,2.7,71.902,8739.202,138.0
Libya,2006,19.413,1.5,72.063,10561.373,135.0
Libya,2007,19.375,6.2,72.155,11801.274,133.0
Libya,2008,19.375,10.4,72.174,14762.577,131.0
Libya,2009,19.373,2.4,72.129,10202.806,130.0
Libya,2010,19.268,2.5,72.044,12478.016,128.0
Libya,2011,19.387,15.9,71.956,8132.317,156.0
Libya,2012,19.03,6.1,71.901,14728.067,126.0
Libya,2013,19.454,2.6,71.907,12025.599,126.0
Libya,2014,19.463,2.4,71.981,9166.555,137.0
Libya,2015,19.531,10.0,72.121,7706.743,147.0
Libya,2016,19.528,25.9,72.311,7817.63,150.0
Lithuania,2001,16.84,1.5,71.65854,3525.849,214.0
Lithuania,2002,13.01,0.3,71.76098,4140.734,207.0
Lithuania,2003,12.87,-1.1,72.060974,5499.475,207.0
Lithuania,2004,10.68,1.2,71.960976,6699.372,209.0
Lithuania,2005,8.32,2.7,71.25366,7860.178,228.0
Lithuania,2006,5.78,3.8,71.0561,9236.616,235.0
Lithuania,2007,4.25,5.8,70.9,12305.917,246.0
Lithuania,2008,5.83,11.1,71.812195,15017.555,229.0
Lithuania,2009,13.79,4.2,72.914635,11848.202,197.0
Lithuania,2010,17.81,1.2,73.268295,12009.033,188.0
Lithuania,2011,15.39,4.1,73.563416,14393.268,184.0
Lithuania,2012,13.36,3.2,73.86341,14376.001,180.0
Lithuania,2013,11.77,1.2,73.914635,15734.38,179.0
Lithuania,2014,10.7,0.2,74.517075,16577.333,167.0
Lithuania,2015,9.12,-0.7,74.32195,14265.409,165.0
Lithuania,2016,7.86,0.7,74.67073,15004.172,155.0
Luxembourg,2001,1.81,2.4,77.82439,48719.314,90.0
Luxembourg,2002,2.62,2.1,77.96585,53227.765,87.0
Luxembourg,2003,3.68,2.5,77.72683,66160.728,85.0
Luxembourg,2004,5.11,3.2,79.12195,77030.373,79.0
Luxembourg,2005,4.49,3.8,79.43171,81728.092,81.0
Luxembourg,2006,4.73,3.0,79.2878,91478.339,78.0
Luxembourg,2007,4.07,2.7,79.38293,108344.137,75.0
Luxembourg,2008,5.06,4.1,80.539024,121616.145,69.0
Luxembourg,2009,5.12,0.0,80.63659,110249.419,67.0
Luxembourg,2010,4.36,2.8,80.63171,112049.15,67.0
Luxembourg,2011,4.9,3.7,80.98781,120526.518,66.0
Luxembourg,2012,5.14,2.9,81.392685,113953.737,63.0
Luxembourg,2013,5.85,1.7,81.8,121422.921,60.0
Luxembourg,2014,5.85,0.7,82.22927,125200.137,55.0
Luxembourg,2015,6.67,0.1,82.29269,106710.47,52.0
Luxembourg,2016,6.29,0.0,82.68536,107948.199,56.0
Madagascar,2001,5.35,7.9,59.129,350.5,276.0
Madagascar,2002,5.354,16.5,59.717,334.838,271.0
Madagascar,2003,5.01,-1.7,60.256,387.055,268.0
Madagascar,2004,3.833,14.0,60.752,298.635,267.0
Madagascar,2005,2.62,18.4,61.212,335.388,265.0
Madagascar,2006,2.939,10.8,61.65,355.397,263.0
Madagascar,2007,3.261,10.3,62.079,459.855,261.0
Madagascar,2008,3.582,9.3,62.509,561.654,258.0
Madagascar,2009,3.975,9.0,62.944,488.901,254.0
Madagascar,2010,4.28,9.2,63.388,492.67,247.0
Madagascar,2011,2.444,9.5,63.836,553.45,241.0
Madagascar,2012,0.6,5.7,64.28,538.541,235.0
Madagascar,2013,0.995,5.8,64.713,560.939,230.0
Madagascar,2014,1.39,6.1,65.133,548.905,225.0
Madagascar,2015,1.79,7.4,65.539,481.807,220.0
Madagascar,2016,1.805,6.1,65.931,489.439,216.0
Malawi,2001,5.835,22.7,45.204,338.478,543.0
Malawi,2002,5.813,14.7,45.517,384.137,547.0
Malawi,2003,5.804,9.6,46.052,345.163,550.0
Malawi,2004,5.819,11.4,46.823,365.696,549.0
Malawi,2005,5.843,15.5,47.844,377.042,535.0
Malawi,2006,5.849,13.9,49.118,400.898,511.0
Malawi,2007,5.837,7.9,50.595,432.115,477.0
Malawi,2008,5.861,8.7,52.206,504.65,438.0
Malawi,2009,5.872,8.4,53.888,571.113,399.0
Malawi,2010,5.894,7.4,55.564,623.414,366.0
Malawi,2011,5.92,7.6,57.161,695.331,344.0
Malawi,2012,5.952,21.3,58.629,506.3,325.0
Malawi,2013,5.95,28.3,59.931,446.999,298.0
Malawi,2014,5.898,23.8,61.042,484.322,279.0
Malawi,2015,5.864,21.9,61.953,497.737,266.0
Malawi,2016,5.817,21.7,62.681,415.016,255.0
Malaysia,2001,3.53,1.4,72.782,4189.053,144.0
Malaysia,2002,3.48,1.8,72.976,4441.824,143.0
Malaysia,2003,3.61,1.1,73.17,4740.324,141.0
Malaysia,2004,3.54,1.4,73.364,5244.873,140.0
Malaysia,2005,3.53,3.0,73.555,5678.332,138.0
Malaysia,2006,3.31,3.6,73.744,6351.127,137.0
Malaysia,2007,3.23,2.0,73.931,7480.893,135.0
Malaysia,2008,3.32,5.4,74.118,8766.175,134.0
Malaysia,2009,3.66,0.6,74.305,7543.882,133.0
Malaysia,2010,3.39,1.7,74.493,9046.978,132.0
Malaysia,2011,3.05,3.2,74.683,10397.902,130.0
Malaysia,2012,3.1,1.7,74.877,10806.823,129.0
Malaysia,2013,3.16,2.1,75.072,10851.657,129.0
Malaysia,2014,2.88,3.1,75.268,11165.249,128.0
Malaysia,2015,3.1,2.1,75.461,9663.122,126.0
Malaysia,2016,3.44,2.1,75.649,9523.316,123.0
Maldives,2001,2.997,0.7,70.964,2780.451,135.0
Maldives,2002,4.188,0.9,71.708,2952.215,128.0
Maldives,2003,5.394,-2.8,72.399,3690.792,114.0
Maldives,2004,6.416,6.3,73.034,4238.041,118.0
Maldives,2005,7.201,2.5,73.612,3960.43,93.0
Maldives,2006,9.156,3.5,74.138,5268.793,88.0
Maldives,2007,9.868,6.8,74.621,6128.48,83.0
Maldives,2008,11.056,12.0,75.073,7337.951,80.0
Maldives,2009,11.7,4.5,75.499,7450.805,76.0
Maldives,2010,11.288,6.1,75.905,8086.697,71.0
Maldives,2011,10.472,11.3,76.293,8078.305,66.0
Maldives,2012,9.472,10.9,76.664,8719.582,62.0
Maldives,2013,8.727,4.0,77.018,9766.235,59.0
Maldives,2014,7.867,2.4,77.36,10787.471,57.0
Maldives,2015,6.929,1.4,77.691,11781.029,54.0
Maldives,2016,6.12,0.8,78.013,12348.712,53.0
Mali,2001,6.303,5.2,48.758,299.414,327.0
Mali,2002,7.164,5.0,49.54,326.736,321.0
Mali,2003,7.898,-1.3,50.373,381.853,316.0
Mali,2004,8.75,-3.1,51.224,427.523,310.0
Mali,2005,9.689,6.4,52.057,474.257,302.0
Mali,2006,10.699,1.6,52.839,506.939,298.0
Mali,2007,11.71,1.4,53.553,579.325,292.0
Mali,2008,10.494,9.2,54.193,678.346,288.0
Mali,2009,9.287,2.4,54.756,681.803,285.0
Mali,2010,8.07,1.2,55.251,688.89,283.0
Mali,2011,6.9,3.0,55.701,810.04,281.0
Mali,2012,6.65,5.3,56.135,753.869,280.0
Mali,2013,6.35,-0.6,56.578,778.808,284.0
Mali,2014,6.38,0.9,57.036,818.665,281.0
Mali,2015,7.73,1.4,57.509,723.581,277.0
Mali,2016,7.57,-1.8,57.987,749.846,270.0
Malta,2001,7.11,2.5,78.8439,10447.791,69.0
Malta,2002,6.9,2.6,78.73902,11346.456,68.0
Malta,2003,7.49,1.9,78.54634,13730.313,66.0
Malta,2004,7.32,2.7,79.25366,15260.887,64.0
Malta,2005,6.92,2.5,79.3,15930.142,63.0
Malta,2006,6.8,2.6,79.439026,16818.012,63.0
Malta,2007,6.47,0.7,79.79269,19696.182,65.0
Malta,2008,5.98,4.7,79.63659,22378.184,62.0
Malta,2009,6.89,1.8,80.24146,21223.678,61.0
Malta,2010,6.85,2.0,81.39756,21842.065,58.0
Malta,2011,6.38,2.5,80.74634,23222.385,59.0
Malta,2012,6.2,3.2,80.74634,22674.787,57.0
Malta,2013,6.11,1.0,81.74634,24972.679,57.0
Malta,2014,5.72,0.8,82.04634,27080.097,53.0
Malta,2015,5.38,1.2,81.89756,25228.175,55.0
Malta,2016,4.69,0.9,82.45366,25897.872,55.0
Mauritania,2001,9.828,4.7,60.788,641.849,228.0
Mauritania,2002,9.82,3.9,60.892,634.588,227.0
Mauritania,2003,9.789,5.2,61.018,711.709,226.0
Mauritania,2004,9.811,10.4,61.17,796.923,225.0
Mauritania,2005,9.792,12.1,61.349,963.498,224.0
Mauritania,2006,9.732,6.2,61.552,1357.425,221.0
Mauritania,2007,9.877,7.3,61.776,1425.466,219.0
Mauritania,2008,9.871,7.5,62.015,1647.288,216.0
Mauritania,2009,9.874,2.1,62.266,1475.591,214.0
Mauritania,2010,9.862,6.3,62.527,1715.923,213.0
Mauritania,2011,9.857,5.7,62.799,2012.828,211.0
Mauritania,2012,9.86,4.9,63.079,1946.079,208.0
Mauritania,2013,9.957,4.1,63.366,2072.492,207.0
Mauritania,2014,10.051,3.8,63.654,1826.78,206.0
Mauritania,2015,10.138,0.5,63.936,1668.065,204.0
Mauritania,2016,10.261,1.5,64.208,1690.813,202.0
Mauritius,2001,9.14,5.4,71.765854,4081.162,172.0
Mauritius,2002,8.2,6.4,71.96585,4252.93,173.0
Mauritius,2003,8.249,2.7,72.11707,5072.811,168.0
Mauritius,2004,8.34,4.7,72.265854,5701.753,164.0
Mauritius,2005,9.52,4.9,72.4322,5590.468,164.0
Mauritius,2006,9.04,8.9,72.4322,5772.667,162.0
Mauritius,2007,8.48,8.8,72.57073,6663.186,160.0
Mauritius,2008,7.17,9.7,72.57073,8138.17,165.0
Mauritius,2009,7.26,2.5,72.88244,7416.659,165.0
Mauritius,2010,7.65,2.9,72.967316,8108.095,162.0
Mauritius,2011,7.45,6.5,73.26683,9320.873,156.0
Mauritius,2012,7.47,3.9,73.86341,9416.335,152.0
Mauritius,2013,7.32,3.5,74.017075,9766.77,145.0
Mauritius,2014,7.47,3.2,74.19439,10366.355,148.0
Mauritius,2015,7.41,1.3,74.35317,9507.999,148.0
Mauritius,2016,6.81,1.0,74.394875,9967.673,145.0
Mexico,2001,2.63,6.4,74.658,7952.173,135.0
Mexico,2002,3.0,5.0,74.922,7987.331,136.0
Mexico,2003,3.46,4.6,75.118,7440.437,136.0
Mexico,2004,3.94,4.7,75.243,7858.828,132.0
Mexico,2005,3.56,4.0,75.3,8683.423,134.0
Mexico,2006,3.57,3.6,75.296,9521.36,131.0
Mexico,2007,3.63,4.0,75.255,10137.084,129.0
Mexico,2008,3.87,5.1,75.194,10520.798,133.0
Mexico,2009,5.36,5.3,75.128,8416.38,136.0
Mexico,2010,5.3,4.2,75.065,9718.129,136.0
Mexico,2011,5.17,3.4,75.011,10653.037,133.0
Mexico,2012,4.89,4.1,74.966,10733.341,131.0
Mexico,2013,4.91,3.8,74.93,11206.351,127.0
Mexico,2014,4.81,4.0,74.908,11376.926,129.0
Mexico,2015,4.31,2.7,74.904,9998.488,128.0
Mexico,2016,3.86,2.8,74.917,9063.537,127.0
Mongolia,2001,6.213,6.3,63.319,521.317,271.0
Mongolia,2002,6.2,1.1,63.777,566.403,268.0
Mongolia,2003,6.8,5.1,64.23,639.373,265.0
Mongolia,2004,6.823,8.2,64.671,789.958,261.0
Mongolia,2005,7.039,12.7,65.103,989.177,258.0
Mongolia,2006,7.125,4.3,65.538,1321.606,254.0
Mongolia,2007,7.2,9.6,65.985,1616.138,250.0
Mongolia,2008,5.56,28.0,66.447,2109.269,248.0
Mongolia,2009,5.86,7.6,66.916,1687.55,241.0
Mongolia,2010,6.55,8.3,67.38,2602.373,234.0
Mongolia,2011,4.77,8.7,67.818,3702.359,227.0
Mongolia,2012,3.9,13.9,68.217,4281.33,222.0
Mongolia,2013,4.23,10.6,68.566,4293.834,218.0
Mongolia,2014,4.8,12.9,68.863,4081.015,215.0
Mongolia,2015,4.86,6.8,69.111,3800.11,213.0
Mongolia,2016,7.24,0.7,69.321,3575.095,211.0
Montenegro,2001,28.741,23.7,73.187515,1893.716,137.0
Montenegro,2002,29.134,19.7,73.23727,2081.045,133.0
Montenegro,2003,29.519,7.5,73.318535,2745.758,132.0
Montenegro,2004,30.01,3.1,73.42927,3379.643,131.0
Montenegro,2005,30.31,3.4,73.982925,3679.829,130.0
Montenegro,2006,25.103,2.1,73.83903,4429.804,127.0
Montenegro,2007,19.4,3.4,74.33903,5984.454,123.0
Montenegro,2008,17.15,9.0,75.13659,7396.665,119.0
Montenegro,2009,19.09,3.6,75.143906,6746.378,115.0
Montenegro,2010,19.65,0.4,75.99024,6694.166,112.0
Montenegro,2011,19.67,3.5,75.982925,7327.255,111.0
Montenegro,2012,19.97,4.1,76.2,6590.582,108.0
Montenegro,2013,19.5,2.2,76.49024,7189.046,105.0
Montenegro,2014,18.0,-0.7,76.44146,7389.894,103.0
Montenegro,2015,17.54,1.5,76.448784,6517.418,101.0
Montenegro,2016,17.72,-0.3,76.44146,7031.533,99.0
Morocco,2001,12.46,0.6,69.193,1489.702,152.0
Morocco,2002,11.59,2.8,69.769,1573.475,146.0
Morocco,2003,11.92,1.1,70.399,1914.006,139.0
Morocco,2004,10.83,1.5,71.067,2163.48,129.0
Morocco,2005,11.01,1.1,71.746,2232.944,116.0
Morocco,2006,9.67,3.2,72.403,2427.109,106.0
Morocco,2007,9.56,2.0,73.009,2759.516,97.0
Morocco,2008,9.57,3.8,73.546,3189.2,92.0
Morocco,2009,8.96,1.0,74.003,3162.86,87.0
Morocco,2010,9.09,0.9,74.382,3134.698,82.0
Morocco,2011,8.91,0.8,74.696,3367.347,78.0
Morocco,2012,8.99,0.8,74.97,3224.712,75.0
Morocco,2013,9.23,1.6,75.227,3463.601,73.0
Morocco,2014,9.7,0.4,75.477,3527.712,72.0
Morocco,2015,9.46,1.4,75.726,3235.57,70.0
Morocco,2016,9.3,1.5,75.974,3235.218,69.0
Mozambique,2001,2.843,9.1,49.295,296.268,433.0
Mozambique,2002,2.892,16.8,49.61,302.546,439.0
Mozambique,2003,2.94,13.5,49.889,326.075,446.0
Mozambique,2004,2.972,12.6,50.143,383.27,450.0
Mozambique,2005,3.015,6.4,50.387,416.811,452.0
Mozambique,2006,3.039,13.2,50.641,435.334,452.0
Mozambique,2007,3.085,10.4,50.934,482.198,444.0
Mozambique,2008,3.129,14.5,51.292,563.649,427.0
Mozambique,2009,3.175,3.8,51.738,520.403,414.0
Mozambique,2010,3.217,12.4,52.31,471.904,409.0
Mozambique,2011,3.255,11.2,53.043,594.586,406.0
Mozambique,2012,3.298,2.6,53.931,657.645,404.0
Mozambique,2013,3.342,4.3,54.949,664.078,402.0
Mozambique,2014,3.383,2.6,56.062,673.969,387.0
Mozambique,2015,3.43,3.6,57.206,589.86,359.0
Mozambique,2016,3.447,17.4,58.309,428.927,336.0
Myanmar,2001,0.674,-19.8,60.377,145.105,243.0
Myanmar,2002,0.672,21.9,60.685,139.436,240.0
Myanmar,2003,0.66,47.5,60.989,177.444,238.0
Myanmar,2004,0.666,8.0,61.294,213.4,236.0
Myanmar,2005,0.669,6.9,61.607,239.129,233.0
Myanmar,2006,0.677,16.6,61.938,266.297,230.0
Myanmar,2007,0.69,34.4,62.294,347.813,227.0
Myanmar,2008,0.709,20.9,62.678,492.977,307.0
Myanmar,2009,0.711,3.7,63.089,593.446,219.0
Myanmar,2010,0.723,5.9,63.525,727.194,215.0
Myanmar,2011,0.767,6.8,63.983,1015.564,211.0
Myanmar,2012,0.753,0.4,64.453,1104.637,208.0
Myanmar,2013,0.747,6.4,64.921,1175.911,203.0
Myanmar,2014,0.755,5.7,65.378,1244.184,200.0
Myanmar,2015,0.77,7.3,65.81,1223.742,197.0
Myanmar,2016,1.177,9.1,66.205,1163.794,195.0
Namibia,2001,20.796,10.2,51.399,1954.968,454.0
Namibia,2002,21.227,12.7,50.862,1825.849,479.0
Namibia,2003,21.718,7.2,50.589,2630.11,500.0
Namibia,2004,22.09,4.1,50.6,3470.147,513.0
Namibia,2005,22.217,2.3,50.931,3742.509,497.0
Namibia,2006,22.144,5.0,51.609,3870.937,463.0
Namibia,2007,22.158,6.5,52.593,4378.564,409.0
Namibia,2008,22.186,9.1,53.817,4198.55,354.0
Namibia,2009,22.209,9.5,55.207,4340.183,332.0
Namibia,2010,22.12,4.9,56.665,5410.977,328.0
Namibia,2011,19.456,5.0,58.085,5870.933,310.0
Namibia,2012,16.77,6.7,59.387,6038.862,293.0
Namibia,2013,19.03,5.6,60.513,5540.619,287.0
Namibia,2014,18.52,5.3,61.425,5555.93,286.0
Namibia,2015,20.911,3.4,62.119,5020.473,296.0
Namibia,2016,23.35,6.7,62.625,4611.508,296.0
Nepal,2001,1.746,2.4,62.945,269.25,234.0
Nepal,2002,1.544,2.9,63.57,269.082,242.0
Nepal,2003,1.595,4.7,64.165,281.039,225.0
Nepal,2004,1.554,4.0,64.729,319.068,221.0
Nepal,2005,1.458,4.5,65.264,354.973,210.0
Nepal,2006,1.393,8.0,65.773,388.995,201.0
Nepal,2007,1.331,6.2,66.26,440.856,194.0
Nepal,2008,1.33,6.7,66.727,532.331,188.0
Nepal,2009,1.551,12.6,67.178,542.536,183.0
Nepal,2010,1.82,9.6,67.611,671.998,178.0
Nepal,2011,2.03,9.6,68.028,795.314,173.0
Nepal,2012,2.33,8.3,68.426,794.093,169.0
Nepal,2013,2.551,9.9,68.806,809.346,164.0
Nepal,2014,2.944,9.0,69.168,827.394,160.0
Nepal,2015,3.1,7.2,69.515,882.308,166.0
Nepal,2016,2.868,9.9,69.848,880.225,151.0
Netherlands,2001,2.12,5.1,78.19025,26996.17,82.0
Netherlands,2002,2.55,3.9,78.29269,29401.972,81.0
Netherlands,2003,3.59,2.2,78.49268,35814.268,80.0
Netherlands,2004,4.65,1.4,79.09512,40477.3,76.0
Netherlands,2005,5.87,1.5,79.346344,42054.884,72.0
Netherlands,2006,5.0,1.7,79.69756,44936.006,70.0
Netherlands,2007,4.15,1.6,80.097565,51880.384,67.0
Netherlands,2008,3.65,2.2,80.25122,58015.396,67.0
Netherlands,2009,4.35,1.0,80.54878,52807.447,65.0
Netherlands,2010,4.99,0.9,80.70244,51165.823,64.0
Netherlands,2011,4.98,2.5,81.20488,54342.114,64.0
Netherlands,2012,5.82,2.8,81.10488,50175.559,63.0
Netherlands,2013,7.24,2.6,81.30488,52276.986,61.0
Netherlands,2014,7.42,0.3,81.70731,53026.478,59.0
Netherlands,2015,6.87,0.2,81.50976,45302.804,58.0
Netherlands,2016,6.01,0.1,81.560974,46165.177,59.0
New Zealand,2001,5.43,2.6,78.69268,13669.131,83.0
New Zealand,2002,5.28,2.7,78.846344,15706.932,82.0
New Zealand,2003,4.75,1.8,79.14634,20461.053,81.0
New Zealand,2004,4.01,2.3,79.54878,24849.116,79.0
New Zealand,2005,3.81,3.0,79.85122,27384.825,77.0
New Zealand,2006,3.86,3.4,80.04878,26220.073,75.0
New Zealand,2007,3.66,2.4,80.15122,31914.994,76.0
New Zealand,2008,4.17,4.0,80.35122,31762.708,74.0
New Zealand,2009,6.12,2.1,80.70244,28270.277,73.0
New Zealand,2010,6.56,2.3,80.70244,33393.529,71.0
New Zealand,2011,6.49,4.0,80.90488,38059.162,71.0
New Zealand,2012,6.93,1.1,81.1561,39684.531,68.0
New Zealand,2013,5.84,1.1,81.40732,42083.005,66.0
New Zealand,2014,5.43,1.2,81.40488,44285.966,67.0
New Zealand,2015,5.41,0.3,81.45683,38200.039,67.0
New Zealand,2016,5.15,0.6,81.61244,39414.454,66.0
Nicaragua,2001,7.45,7.4,69.934,1054.66,195.0
Nicaragua,2002,7.578,3.8,70.308,1011.904,192.0
Nicaragua,2003,7.6,5.3,70.64,1010.231,189.0
Nicaragua,2004,6.41,8.5,70.933,1077.784,185.0
Nicaragua,2005,5.37,9.6,71.195,1152.801,179.0
Nicaragua,2006,5.31,9.1,71.436,1224.724,174.0
Nicaragua,2007,4.89,11.1,71.673,1326.658,170.0
Nicaragua,2008,6.2,19.8,71.915,1498.88,165.0
Nicaragua,2009,8.16,3.7,72.167,1438.131,162.0
Nicaragua,2010,7.83,5.5,72.428,1499.068,160.0
Nicaragua,2011,6.496,8.1,72.692,1652.097,158.0
Nicaragua,2012,5.21,7.2,72.951,1728.147,155.0
Nicaragua,2013,5.28,7.1,73.197,1783.56,153.0
Nicaragua,2014,4.52,6.0,73.429,1909.424,150.0
Nicaragua,2015,4.7,4.0,73.649,2029.124,148.0
Nicaragua,2016,3.9,3.5,73.86,2091.463,146.0
Niger,2001,1.47,3.9,50.584,207.769,292.0
Niger,2002,1.89,2.5,51.256,227.424,291.0
Niger,2003,2.319,-1.5,51.95,267.41,289.0
Niger,2004,2.748,0.2,52.668,285.39,287.0
Niger,2005,3.1,7.8,53.411,320.925,285.0
Niger,2006,2.649,0.0,54.18,335.336,281.0
Niger,2007,2.203,0.1,54.968,389.258,279.0
Niger,2008,1.71,11.3,55.764,477.272,277.0
Niger,2009,1.267,0.5,56.557,462.269,274.0
Niger,2010,0.779,0.9,57.333,476.064,269.0
Niger,2011,0.32,2.9,58.081,511.49,267.0
Niger,2012,2.18,0.5,58.79,528.921,264.0
Niger,2013,1.369,2.3,59.455,551.557,261.0
Niger,2014,0.52,-0.9,60.07,562.888,258.0
Niger,2015,0.53,1.0,60.631,484.173,257.0
Niger,2016,0.534,0.2,61.137,497.885,250.0
Nigeria,2001,3.935,18.9,46.51,583.187,411.0
Nigeria,2002,3.882,12.9,46.835,730.836,414.0
Nigeria,2003,3.899,14.0,47.242,780.399,415.0
Nigeria,2004,3.876,15.0,47.72,963.236,411.0
Nigeria,2005,3.871,17.9,48.252,1221.651,402.0
Nigeria,2006,3.856,8.2,48.812,1563.031,395.0
Nigeria,2007,3.837,5.4,49.373,1791.823,388.0
Nigeria,2008,3.819,11.6,49.913,2197.776,385.0
Nigeria,2009,3.796,12.5,50.422,1927.476,380.0
Nigeria,2010,3.778,13.7,50.896,2328.425,378.0
Nigeria,2011,3.77,10.8,51.346,2543.504,376.0
Nigeria,2012,3.742,12.2,51.786,2756.41,373.0
Nigeria,2013,3.7,8.5,52.228,2998.068,367.0
Nigeria,2014,4.56,8.0,52.672,3222.691,361.0
Nigeria,2015,4.31,9.0,53.112,2718.586,355.0
Nigeria,2016,7.06,15.7,53.541,2176.001,352.0
Norway,2001,3.74,3.0,78.78536,38553.843,81.0
Norway,2002,4.02,1.3,78.98781,43083.871,80.0
Norway,2003,4.22,2.5,79.39024,50161.513,77.0
Norway,2004,4.26,0.5,79.84146,57676.821,76.0
Norway,2005,4.38,1.5,80.041466,66924.047,72.0
Norway,2006,3.4,2.3,80.3439,74255.799,69.0
Norway,2007,2.49,0.7,80.39512,85276.992,67.0
Norway,2008,2.55,3.8,80.59268,97119.989,66.0
Norway,2009,3.1,2.2,80.79512,80115.693,67.0
Norway,2010,3.52,2.4,80.99756,87823.805,65.0
Norway,2011,3.21,1.3,81.29512,100815.931,66.0
Norway,2012,3.12,0.7,81.45122,101779.186,60.0
Norway,2013,3.42,2.1,81.75122,103214.973,61.0
Norway,2014,3.48,2.0,82.1,97302.705,57.0
Norway,2015,4.3,2.2,82.30488,74568.136,54.0
Norway,2016,4.68,3.6,82.40732,70629.25,55.0
Oman,2001,4.125,-0.8,72.58,9088.213,134.0
Oman,2002,4.205,-0.3,73.022,9285.343,130.0
Oman,2003,4.231,0.2,73.447,9792.637,127.0
Oman,2004,4.184,0.8,73.851,11042.532,122.0
Oman,2005,4.181,1.9,74.23,13563.457,118.0
Oman,2006,4.154,3.2,74.577,15946.355,115.0
Oman,2007,4.179,5.9,74.893,17716.421,113.0
Oman,2008,4.14,12.6,75.179,25061.257,110.0
Oman,2009,4.051,3.5,75.44,19235.875,108.0
Oman,2010,3.991,3.3,75.682,21677.793,107.0
Oman,2011,3.865,4.1,75.916,23518.573,105.0
Oman,2012,3.679,2.9,76.149,24129.012,103.0
Oman,2013,3.615,1.0,76.388,23328.489,101.0
Oman,2014,3.543,1.0,76.634,23219.693,100.0
Oman,2015,3.392,0.1,76.887,18924.97,98.0
Oman,2016,3.27,1.1,77.142,17020.387,96.0
Pakistan,2001,0.565,4.4,63.066,666.691,188.0
Pakistan,2002,0.548,3.5,63.3,662.991,187.0
Pakistan,2003,0.59,3.1,63.522,741.252,185.0
Pakistan,2004,0.613,4.6,63.736,854.153,183.0
Pakistan,2005,0.593,9.3,63.951,920.498,200.0
Pakistan,2006,0.58,7.9,64.176,1007.352,180.0
Pakistan,2007,0.4,7.8,64.42,1125.625,178.0
Pakistan,2008,0.42,12.0,64.685,1187.339,177.0
Pakistan,2009,0.54,19.6,64.969,1075.506,177.0
Pakistan,2010,0.65,10.1,65.264,1107.551,175.0
Pakistan,2011,0.8,13.7,65.562,1271.725,171.0
Pakistan,2012,1.847,11.0,65.849,1351.566,170.0
Pakistan,2013,2.95,7.4,66.117,1370.242,168.0
Pakistan,2014,1.83,8.6,66.36,1409.471,167.0
Pakistan,2015,3.57,4.5,66.577,1527.373,166.0
Pakistan,2016,3.779,2.9,66.77,1566.625,159.0
Panama,2001,3.817,0.3,75.233,4244.106,120.0
Panama,2002,3.785,1.0,75.401,4324.661,120.0
Panama,2003,3.791,0.1,75.565,4469.688,120.0
Panama,2004,3.739,0.5,75.728,4807.66,117.0
Panama,2005,3.753,2.9,75.892,5146.047,116.0
Panama,2006,3.7,2.5,76.06,5598.289,119.0
Panama,2007,3.685,4.2,76.234,6350.183,119.0
Panama,2008,3.743,8.8,76.414,7369.186,122.0
Panama,2009,3.852,2.4,76.6,7806.732,122.0
Panama,2010,3.72,3.5,76.792,8332.576,117.0
Panama,2011,2.379,5.9,76.989,9653.933,117.0
Panama,2012,2.389,5.7,77.188,11063.257,116.0
Panama,2013,2.285,4.0,77.386,12273.18,114.0
Panama,2014,2.707,2.6,77.583,13221.567,111.0
Panama,2015,2.977,0.1,77.776,14102.156,112.0
Panama,2016,3.263,0.7,77.964,14866.506,111.0
Papua New Guinea,2001,2.804,9.3,59.487,862.099,273.0
Papua New Guinea,2002,2.734,11.8,59.722,814.701,269.0
Papua New Guinea,2003,2.621,14.7,59.974,995.275,265.0
Papua New Guinea,2004,2.541,2.2,60.245,1111.943,260.0
Papua New Guinea,2005,2.409,1.8,60.534,1269.526,254.0
Papua New Guinea,2006,2.355,2.4,60.836,1411.902,249.0
Papua New Guinea,2007,2.245,0.9,61.141,1576.159,243.0
Papua New Guinea,2008,2.311,10.8,61.442,1883.527,237.0
Papua New Guinea,2009,2.122,6.9,61.739,1833.09,235.0
Papua New Guinea,2010,2.0,5.1,62.029,2132.185,235.0
Papua New Guinea,2011,2.62,4.4,62.316,2552.043,235.0
Papua New Guinea,2012,2.544,4.5,62.604,2865.783,234.0
Papua New Guinea,2013,2.546,5.0,62.892,2800.178,231.0
Papua New Guinea,2014,2.375,5.2,63.181,2992.711,228.0
Papua New Guinea,2015,2.476,6.0,63.466,2742.906,226.0
Papua New Guinea,2016,2.484,6.7,63.744,2567.586,224.0
Paraguay,2001,6.21,7.3,70.786,1577.681,169.0
Paraguay,2002,9.39,10.5,71.023,1312.083,167.0
Paraguay,2003,6.81,14.2,71.249,1377.521,166.0
Paraguay,2004,6.51,4.3,71.464,1693.886,165.0
Paraguay,2005,4.82,6.8,71.667,1857.78,164.0
Paraguay,2006,5.28,9.6,71.862,2285.125,161.0
Paraguay,2007,4.71,8.1,72.055,2988.684,159.0
Paraguay,2008,4.42,10.2,72.251,4054.044,157.0
Paraguay,2009,5.46,2.6,72.45,3623.931,154.0
Paraguay,2010,4.57,4.7,72.653,4329.69,152.0
Paraguay,2011,4.67,8.3,72.86,5301.834,150.0
Paraguay,2012,4.09,3.7,73.068,5153.417,149.0
Paraguay,2013,4.38,2.7,73.274,5892.846,148.0
Paraguay,2014,5.03,5.0,73.473,6065.282,147.0
Paraguay,2015,4.56,3.1,73.662,5360.077,146.0
Paraguay,2016,5.25,4.1,73.836,5265.061,146.0
Peru,2001,5.026,2.0,71.505,1935.546,153.0
Peru,2002,4.84,0.2,71.882,2017.765,150.0
Peru,2003,4.15,2.3,72.24,2159.744,148.0
Peru,2004,4.7,3.7,72.581,2408.091,145.0
Peru,2005,4.88,1.6,72.908,2669.214,143.0
Peru,2006,4.18,2.0,73.222,3106.719,141.0
Peru,2007,4.04,1.8,73.528,3587.798,139.0
Peru,2008,4.04,5.8,73.826,4210.546,136.0
Peru,2009,3.98,2.9,74.12,4181.705,135.0
Peru,2010,3.58,1.5,74.41,5057.071,132.0
Peru,2011,3.48,3.4,74.697,5736.328,130.0
Peru,2012,3.24,3.7,74.981,6406.712,129.0
Peru,2013,3.57,2.8,75.258,6647.407,128.0
Peru,2014,3.21,3.2,75.529,6584.696,127.0
Peru,2015,3.27,3.5,75.792,6169.375,125.0
Peru,2016,3.74,3.6,76.044,6212.801,124.0
Philippines,2001,3.7,5.4,68.835,1003.957,215.0
Philippines,2002,3.626,2.8,68.88,1050.297,216.0
Philippines,2003,3.53,2.2,68.937,1062.619,212.0
Philippines,2004,3.55,4.8,69.013,1137.068,213.0
Philippines,2005,3.8,6.6,69.112,1261.241,217.0
Philippines,2006,4.05,5.4,69.233,1470.825,215.0
Philippines,2007,3.43,2.9,69.37,1764.683,208.0
Philippines,2008,3.72,8.2,69.515,2011.634,207.0
Philippines,2009,3.86,4.2,69.667,1923.674,207.0
Philippines,2010,3.61,3.7,69.823,2237.157,203.0
Philippines,2011,3.59,4.7,69.984,2473.249,202.0
Philippines,2012,3.5,3.2,70.149,2721.252,200.0
Philippines,2013,3.5,2.6,70.315,2903.189,199.0
Philippines,2014,3.6,3.6,70.481,2995.504,197.0
Philippines,2015,3.07,0.7,70.644,3039.234,195.0
Philippines,2016,2.7,1.2,70.802,3107.646,194.0
Poland,2001,18.37,5.5,74.2,4987.859,147.0
Poland,2002,19.89,1.9,74.49756,5205.517,143.0
Poland,2003,19.37,0.7,74.597565,5699.557,140.0
Poland,2004,19.07,3.5,74.846344,6684.675,142.0
Poland,2005,17.75,2.2,74.995125,8023.921,144.0
Poland,2006,13.84,1.2,75.143906,9031.797,145.0
Poland,2007,9.6,2.5,75.243904,11252.863,145.0
Poland,2008,7.12,4.3,75.5439,13999.496,142.0
Poland,2009,8.17,3.8,75.69512,11532.283,137.0
Poland,2010,9.64,2.6,76.24634,12510.805,131.0
Poland,2011,9.63,4.2,76.69512,13776.572,128.0
Poland,2012,10.09,3.7,76.74634,13010.54,126.0
Poland,2013,10.33,1.1,77.0,13550.385,121.0
Poland,2014,8.99,0.1,77.60244,14183.116,115.0
Poland,2015,7.5,-0.9,77.45122,12545.188,115.0
Poland,2016,6.16,-0.7,77.85122,12369.893,111.0
Portugal,2001,3.83,4.4,76.81464,11734.878,109.0
Portugal,2002,4.5,3.7,77.06586,12927.584,107.0
Portugal,2003,6.13,3.2,77.21951,15793.852,104.0
Portugal,2004,6.32,2.5,77.67073,18055.893,99.0
Portugal,2005,7.58,2.1,78.07073,18790.561,97.0
Portugal,2006,7.65,3.0,78.41951,19840.474,95.0
Portugal,2007,7.96,2.4,78.32195,22813.667,92.0
Portugal,2008,7.55,2.7,78.52439,24946.256,89.0
Portugal,2009,9.43,-0.9,78.72683,23126.175,88.0
Portugal,2010,10.77,1.4,79.02683,22539.038,86.0
Portugal,2011,12.68,3.6,80.47073,23213.126,84.0
Portugal,2012,15.53,2.8,80.37317,20576.825,81.0
Portugal,2013,16.18,0.4,80.721954,21653.505,78.0
Portugal,2014,13.89,-0.2,81.12195,22109.318,77.0
Portugal,2015,12.44,0.5,81.12439,19252.015,77.0
Portugal,2016,11.07,0.6,81.12439,19986.362,76.0
Qatar,2001,0.846,1.7,77.612,28600.029,73.0
Qatar,2002,0.851,0.2,77.762,30701.131,72.0
Qatar,2003,0.856,2.3,77.919,35919.758,70.0
Qatar,2004,0.86,6.8,78.083,42548.115,69.0
Qatar,2005,0.865,9.0,78.252,54357.783,67.0
Qatar,2006,0.87,11.7,78.425,60591.776,66.0
Qatar,2007,0.52,13.7,78.601,65934.266,66.0
Qatar,2008,0.31,15.1,78.775,72484.634,65.0
Qatar,2009,0.31,-4.9,78.945,53822.909,65.0
Qatar,2010,0.45,-2.4,79.108,69796.138,65.0
Qatar,2011,0.56,2.0,79.26,96827.857,65.0
Qatar,2012,0.48,1.8,79.399,101933.117,65.0
Qatar,2013,0.28,3.1,79.527,99180.39,65.0
Qatar,2014,0.2,4.2,79.646,93054.141,64.0
Qatar,2015,0.17,0.9,79.758,66346.911,63.0
Qatar,2016,0.15,2.7,79.868,57965.377,62.0
Romania,2001,6.56,34.5,71.16097,1800.966,179.0
Romania,2002,8.11,22.5,71.00976,2108.445,178.0
Romania,2003,6.95,15.4,71.30975,2672.061,174.0
Romania,2004,7.72,11.9,71.560974,3487.699,166.0
Romania,2005,7.17,9.0,71.91219,4608.801,162.0
Romania,2006,7.27,6.6,72.163414,5744.634,158.0
Romania,2007,6.41,4.8,72.56586,8273.885,155.0
Romania,2008,5.79,7.8,72.56586,10446.484,160.0
Romania,2009,6.86,5.6,73.30975,8540.187,160.0
Romania,2010,6.96,6.1,73.458534,8391.048,155.0
Romania,2011,7.18,5.8,74.40976,9546.749,141.0
Romania,2012,6.79,3.3,74.41219,8919.363,141.0
Romania,2013,7.1,4.0,75.063416,9481.981,134.0
Romania,2014,6.8,1.1,74.90976,10025.457,140.0
Romania,2015,6.81,-0.6,74.91219,8951.736,136.0
Romania,2016,5.9,-1.6,75.209755,9378.957,135.0
Rwanda,2001,0.843,3.4,49.936,248.99,456.0
Rwanda,2002,0.89,2.0,50.987,242.338,429.0
Rwanda,2003,0.94,7.4,52.178,257.7,417.0
Rwanda,2004,0.948,12.0,53.595,277.634,399.0
Rwanda,2005,0.964,9.1,55.254,334.407,366.0
Rwanda,2006,0.986,8.8,57.083,368.508,321.0
Rwanda,2007,1.012,9.1,58.915,442.334,282.0
Rwanda,2008,1.024,15.4,60.612,545.574,263.0
Rwanda,2009,1.06,10.3,62.129,585.04,266.0
Rwanda,2010,1.078,2.3,63.433,612.395,239.0
Rwanda,2011,1.099,5.7,64.523,674.982,228.0
Rwanda,2012,1.118,6.3,65.438,730.185,219.0
Rwanda,2013,1.152,4.2,66.219,728.395,212.0
Rwanda,2014,1.17,1.8,66.884,749.269,207.0
Rwanda,2015,1.148,2.5,67.45,758.834,203.0
Rwanda,2016,1.144,5.7,67.93,753.876,198.0
Samoa,2001,4.96,1.9,69.103,1557.508,176.0
Samoa,2002,5.096,7.4,69.451,1638.535,175.0
Samoa,2003,5.156,4.4,69.781,1927.085,169.0
Samoa,2004,5.217,7.8,70.089,2341.911,161.0
Samoa,2005,5.294,7.8,70.374,2704.296,157.0
Samoa,2006,5.422,3.2,70.642,2850.163,149.0
Samoa,2007,5.36,4.5,70.901,3121.319,144.0
Samoa,2008,5.581,6.3,71.158,3733.905,139.0
Samoa,2009,5.828,14.6,71.412,3348.774,164.0
Samoa,2010,5.728,-0.2,71.663,3658.418,134.0
Samoa,2011,5.68,2.9,71.906,3969.173,127.0
Samoa,2012,8.75,6.2,72.136,4088.771,124.0
Samoa,2013,8.667,-0.2,72.351,4182.937,118.0
Samoa,2014,8.72,-1.2,72.549,4144.645,115.0
Samoa,2015,8.501,1.9,72.73,4258.955,113.0
Samoa,2016,8.307,0.1,72.895,4338.053,110.0
Saudi Arabia,2001,4.62,-1.1,72.759,9898.276,109.0
Saudi Arabia,2002,5.27,0.1,72.92,9937.444,107.0
Saudi Arabia,2003,5.56,0.5,73.051,11027.901,106.0
Somalia,2015,18.903,0.9,55.92,531.554,307.0
Saudi Arabia,2004,5.82,0.3,73.159,12891.372,105.0
Saudi Arabia,2005,6.05,0.6,73.256,15943.457,104.0
Saudi Arabia,2006,6.25,1.9,73.355,17827.384,103.0
Saudi Arabia,2007,5.73,5.0,73.467,19196.07,102.0
Saudi Arabia,2008,5.08,6.1,73.598,23403.651,101.0
Saudi Arabia,2009,5.38,4.3,73.75,18836.967,99.0
Saudi Arabia,2010,5.55,3.7,73.917,22028.368,97.0
Saudi Arabia,2011,5.77,3.7,74.089,26966.305,95.0
Saudi Arabia,2012,5.52,2.9,74.254,28348.573,94.0
Saudi Arabia,2013,5.57,3.5,74.402,27290.188,92.0
Saudi Arabia,2014,5.72,2.2,74.533,27079.664,91.0
Saudi Arabia,2015,5.59,1.2,74.651,22453.589,90.0
Saudi Arabia,2016,5.65,2.1,74.761,21515.643,89.0
Senegal,2001,5.607,3.1,58.177,648.446,251.0
Senegal,2002,5.65,2.4,58.675,680.83,251.0
Senegal,2003,6.688,0.0,59.259,831.623,250.0
Senegal,2004,7.793,0.5,59.912,931.745,248.0
Senegal,2005,8.896,1.7,60.62,993.237,244.0
Senegal,2006,10.03,2.1,61.365,1027.786,240.0
Senegal,2007,10.084,5.9,62.126,1197.551,234.0
Senegal,2008,10.133,6.3,62.88,1403.795,222.0
Senegal,2009,10.211,-2.2,63.607,1307.516,215.0
Senegal,2010,10.264,1.2,64.284,1272.622,209.0
Senegal,2011,10.36,3.4,64.898,1366.534,204.0
Senegal,2012,9.438,1.4,65.448,1318.614,200.0
Senegal,2013,8.578,0.7,65.939,1372.686,196.0
Senegal,2014,7.646,-1.1,66.37,1397.017,193.0
Senegal,2015,6.76,0.9,66.747,1219.373,189.0
Senegal,2016,4.46,1.2,67.078,1269.553,185.0
Serbia,2001,12.8,80.7,72.234146,1733.695,134.0
Serbia,2002,13.8,8.9,72.28536,2291.259,131.0
Serbia,2003,15.2,2.9,72.436584,3009.723,131.0
Serbia,2004,18.5,10.6,72.68293,3486.086,129.0
Serbia,2005,20.85,16.3,72.834145,3695.343,128.0
Serbia,2006,20.85,10.7,73.38537,4398.828,126.0
Serbia,2007,18.06,6.0,73.63171,5878.873,123.0
Serbia,2008,13.7,12.4,73.88537,7087.453,122.0
Serbia,2009,16.14,8.1,73.98537,6168.228,120.0
Serbia,2010,19.22,6.1,74.336586,5673.62,115.0
Serbia,2011,22.97,11.1,74.53658,6809.94,113.0
Serbia,2012,24.0,7.3,74.836586,6014.914,111.0
Serbia,2013,22.15,7.7,75.18536,6752.797,107.0
Serbia,2014,19.22,2.1,75.336586,6598.935,106.0
Serbia,2015,17.66,1.4,75.2878,5588.979,106.0
Serbia,2016,15.26,1.1,75.687805,5765.203,103.0
Sierra Leone,2001,3.457,2.6,40.369,228.033,520.0
Sierra Leone,2002,3.388,0.1,41.376,251.704,513.0
Sierra Leone,2003,3.418,4.0,42.419,265.323,506.0
Sierra Leone,2004,3.42,12.9,43.467,264.775,496.0
Sierra Leone,2005,3.547,13.7,44.502,285.106,482.0
Sierra Leone,2006,3.672,10.5,45.517,323.259,467.0
Sierra Leone,2007,3.788,17.0,46.52,360.425,453.0
Sierra Leone,2008,3.919,8.2,47.508,409.443,442.0
Sierra Leone,2009,4.049,7.5,48.468,391.213,429.0
Sierra Leone,2010,4.17,7.2,49.382,401.835,415.0
Sierra Leone,2011,4.294,6.8,50.234,448.324,403.0
Sierra Leone,2012,4.398,6.6,51.018,566.37,395.0
Sierra Leone,2013,4.51,5.5,51.731,716.148,393.0
Sierra Leone,2014,4.68,4.6,52.372,713.53,446.0
Sierra Leone,2015,4.742,6.7,52.941,592.903,404.0
Sierra Leone,2016,4.663,10.9,53.444,525.948,389.0
Singapore,2001,3.76,1.0,78.25122,21699.748,77.0
Singapore,2002,5.65,-0.4,78.551216,22159.833,76.0
Singapore,2003,5.93,0.5,79.039024,23730.379,73.0
Singapore,2004,5.84,1.7,79.49024,27608.075,73.0
Singapore,2005,5.59,0.5,79.99024,29961.308,74.0
Singapore,2006,4.48,1.0,80.141464,33768.446,71.0
Singapore,2007,3.9,2.1,80.44146,39432.895,68.0
Singapore,2008,3.96,6.6,80.790245,40008.577,67.0
Singapore,2009,5.86,0.6,81.24146,38926.813,62.0
Singapore,2010,4.12,2.8,81.541466,47236.672,60.0
Singapore,2011,3.89,5.2,81.743904,53891.462,59.0
Singapore,2012,3.72,4.6,81.995125,55547.546,57.0
Singapore,2013,3.86,2.4,82.24634,56967.426,56.0
Singapore,2014,3.74,1.0,82.495125,57564.802,55.0
Singapore,2015,3.79,-0.5,82.743904,55645.607,54.0
Singapore,2016,4.08,-0.5,82.846344,56895.643,51.0
Slovenia,2001,5.68,8.4,75.75854,10502.321,123.0
Slovenia,2002,5.92,7.5,76.00732,11804.768,117.0
Slovenia,2003,6.48,5.5,76.858536,14873.628,119.0
Slovenia,2004,6.01,3.6,77.20731,17254.827,113.0
Slovenia,2005,6.51,2.5,77.6122,18152.125,104.0
Slovenia,2006,5.95,2.5,78.086586,19723.796,107.0
Slovenia,2007,4.82,3.7,78.560974,23912.494,102.0
Slovenia,2008,4.37,5.7,78.765854,27744.207,96.0
Slovenia,2009,5.86,0.8,78.97073,24854.229,91.0
Slovenia,2010,7.24,1.8,79.42195,23570.184,87.0
Slovenia,2011,8.17,1.8,79.97073,25156.137,82.0
Slovenia,2012,8.84,2.6,80.12439,22674.49,81.0
Slovenia,2013,10.1,1.8,80.32195,23516.527,78.0
Slovenia,2014,9.67,0.2,81.07805,24263.959,70.0
Slovenia,2015,8.96,-0.5,80.77561,20898.913,74.0
Slovenia,2016,8.0,-0.1,81.17561,21681.335,72.0
Solomon Islands,2001,1.907,7.6,67.816,965.938,225.0
Solomon Islands,2002,1.825,9.4,68.175,795.544,218.0
Solomon Islands,2003,1.664,10.1,68.518,788.629,211.0
Solomon Islands,2004,1.701,6.9,68.845,866.985,205.0
Solomon Islands,2005,1.765,7.5,69.158,1014.727,199.0
Solomon Islands,2006,1.822,11.2,69.462,1119.587,192.0
Solomon Islands,2007,1.877,7.7,69.762,1260.251,191.0
Solomon Islands,2008,1.893,17.3,70.063,1389.053,181.0
Solomon Islands,2009,2.02,7.2,70.366,1428.609,177.0
Solomon Islands,2010,1.578,0.9,70.674,1604.149,170.0
Solomon Islands,2011,1.297,7.4,70.985,1938.786,165.0
Solomon Islands,2012,1.055,5.9,71.296,2131.454,160.0
Solomon Islands,2013,0.69,5.2,71.601,2250.761,157.0
Solomon Islands,2014,0.733,5.3,71.896,2274.897,156.0
Solomon Islands,2015,0.734,-0.6,72.173,2168.568,149.0
Solomon Islands,2016,0.698,0.5,72.424,2227.003,146.0
Somalia,2013,18.952,2.8,55.104,481.926,313.0
Somalia,2014,18.93,1.3,55.509,514.686,311.0
Somalia,2016,18.889,0.0,56.324,558.643,316.0
South Africa,2001,30.69,5.7,55.089,2964.029,387.0
South Africa,2002,33.29,9.0,54.31,2791.18,412.0
South Africa,2003,32.31,5.9,53.749,4209.22,437.0
South Africa,2004,29.45,1.4,53.444,5415.089,459.0
South Africa,2005,29.12,3.4,53.447,6033.211,474.0
South Africa,2006,28.34,4.7,53.795,6276.173,477.0
South Africa,2007,26.54,7.1,54.452,6776.465,475.0
South Africa,2008,22.41,11.0,55.36,6355.879,458.0
South Africa,2009,23.52,7.2,56.46,6552.265,435.0
South Africa,2010,24.68,4.2,57.669,8130.193,416.0
South Africa,2011,24.64,5.0,58.895,8799.477,397.0
South Africa,2012,24.73,5.6,60.06,8207.059,361.0
South Africa,2013,24.56,5.7,61.099,7458.04,335.0
South Africa,2014,24.89,6.1,61.968,6984.926,316.0
South Africa,2015,25.15,4.6,62.649,6256.667,305.0
South Africa,2016,26.54,6.3,63.153,5750.785,301.0
South Sudan,2012,12.198,42.4,55.791,1041.463,341.0
South Sudan,2013,12.128,-2.7,56.2,1337.232,343.0
South Sudan,2014,12.188,4.3,56.552,1316.366,343.0
South Sudan,2015,12.275,53.0,56.855,1289.852,328.0
South Sudan,2016,12.295,346.1,57.12,237.034,321.0
Spain,2001,10.35,2.8,79.36829,15400.911,83.0
Spain,2002,11.15,3.6,79.56829,17097.916,82.0
Spain,2003,11.28,3.1,79.619514,21501.074,82.0
Spain,2004,11.09,3.1,79.870735,24932.129,79.0
Spain,2005,9.15,3.4,80.17073,26438.031,76.0
Spain,2006,8.45,3.6,80.82195,28414.133,73.0
Spain,2007,8.23,2.8,80.87317,32588.562,72.0
Spain,2008,11.25,4.1,81.17561,35484.39,70.0
Spain,2009,17.86,-0.2,81.47561,32131.382,67.0
Spain,2010,19.86,2.0,81.62683,30566.877,65.0
Spain,2011,21.39,3.0,82.47561,31676.69,63.0
Spain,2012,24.79,2.4,82.42683,28344.913,61.0
Spain,2013,26.09,1.5,83.07805,29094.337,59.0
Spain,2014,24.44,-0.2,83.22927,29537.627,58.0
Spain,2015,22.06,-0.6,82.83171,25776.217,58.0
Spain,2016,19.63,-0.3,83.32927,26549.363,56.0
Sri Lanka,2001,7.9,14.2,72.233,1017.154,158.0
Sri Lanka,2002,8.76,9.6,73.085,1061.683,150.0
Sri Lanka,2003,8.22,9.0,73.799,1162.71,147.0
Sri Lanka,2004,8.38,9.0,74.337,1259.771,197.0
Sri Lanka,2005,7.67,11.0,74.695,1477.595,139.0
Sri Lanka,2006,6.5,9.9,74.904,1698.156,145.0
Sri Lanka,2007,5.97,15.9,75.037,1928.714,145.0
Sri Lanka,2008,5.22,22.4,75.157,2410.801,171.0
Sri Lanka,2009,5.85,3.5,75.286,2472.242,179.0
Sri Lanka,2010,4.78,6.2,75.439,2894.26,131.0
Sri Lanka,2011,4.12,6.7,75.614,3320.074,131.0
Sri Lanka,2012,3.88,7.5,75.796,3446.355,131.0
Sri Lanka,2013,4.24,6.9,75.974,3737.366,131.0
Sri Lanka,2014,4.19,2.8,76.147,3969.713,131.0
Sri Lanka,2015,4.52,2.2,76.316,4057.742,131.0
Sri Lanka,2016,4.24,4.0,76.482,4150.367,131.0
Sudan,2001,15.18,1.9,58.859,492.676,282.0
Sudan,2002,15.131,22.2,59.258,554.652,276.0
Sudan,2003,15.067,6.5,59.67,635.575,278.0
Sudan,2004,15.054,9.7,60.092,772.939,278.0
Sudan,2005,14.966,8.5,60.525,996.677,261.0
Sudan,2006,14.888,7.2,60.969,1249.767,260.0
Sudan,2007,14.819,14.8,61.422,1599.596,253.0
Sudan,2008,14.8,14.3,61.879,1700.513,250.0
Sudan,2009,13.0,11.3,62.33,1401.244,248.0
Sudan,2010,15.198,13.0,62.764,1637.419,243.0
Sudan,2011,17.44,18.1,63.171,2034.461,241.0
Sudan,2012,17.455,35.6,63.542,1396.292,236.0
